Company,Domain,Career / Jobs Page
Wondershare,wondershare.com,https://www.wondershare.com/about/careers.html
VMware,vmware.com,https://www.broadcom.com/company/careers
HubSpot,hubspot.com,https://www.hubspot.com/careers
SAP,sap.com,https://jobs.sap.com/
Instructure,instructure.com,https://www.instructure.com/about/careers
Vantage Circle,vantagecircle.com,https://www.vantagecircle.com/careers/
Shopify,shopify.com,https://www.shopify.com/careers
Flickr,flickr.com,https://www.flickr.com/jobs/
Embarcadero,embarcadero.com,https://www.embarcadero.com/company/careers
Crunchbase,crunchbase.com,https://about.crunchbase.com/about-us/careers/
Solarwinds,solarwinds.com,https://jobs.solarwinds.com/
Dropbox,dropbox.com,https://jobs.dropbox.com/
MediaBrains,mediabrains.com,"https://www.indeed.com/cmp/Mediabrains,-Inc."
Syncfusion,syncfusion.com,https://www.syncfusion.com/company/careers
Cision,cision.com,https://www.cision.com/careers/career-listing/
Thomas,thomasnet.com,https://www.thomasnet.com/careers/
Eclipse,eclipse.org,https://www.eclipse.org/careers/
Vimeo,vimeo.com,https://vimeo.com/careers
Evanto,envato.com,https://www.envato.com/about/careers/
Canva,canva.com,https://www.lifeatcanva.com/en
GoDaddy,godaddy.com,https://careers.godaddy/
Typeform,typeform.com,https://www.typeform.com/careers/
VK,vk.com,https://vk.com/jobs
Oracle,oracle.com,https://www.oracle.com/careers/
Comodo,comodo.com,https://www.comodo.com/careers/
Mailchimp,mailchimp.com,https://mailchimp.com/jobs/teams/
IBM,ibm.com,https://www.ibm.com/careers
Moz,moz.com,https://moz.com/about/jobs
Hootsuite,hootsuite.com,https://careers.hootsuite.com/
Ubuntu,ubuntu.com,https://pages.ubuntu.com/employee_engagement_campaign.html
Pocket,getpocket.com,https://getpocket.com/en/jobs/
Zendesk,zendesk.com,https://jobs.zendesk.com/us/en
Zoom,zoom.us,https://careers.zoom.us/
Semrush,semrush.com,https://careers.semrush.com/
WPEngine,wpengine.com,https://wpengine.careers/
Slack,slack.com,https://slack.com/careers
Pingdom,pingdom.com,https://careers-pingdom.icims.com/jobs/intro
Future,futureplc.com,https://futureplc.com/careers/
Trello,trello.com,https://www.atlassian.com/company/careers/trello
Libsyn,libsyn.com,https://recruitingbypaycor.com/career/CareerHome.action?clientId=8a7883c68ab5129a018af3e7f01f2031
Ahrefs,ahrefs.com,https://ahrefs.com/jobs
Palo Alto Networks,paloalto.com,https://jobs.paloaltonetworks.com/
Red Hat,redhat.com,https://www.redhat.com/en/jobs
G2,g2.com,https://company.g2.com/careers
GNOME,gnome.org,https://foundation.gnome.org/careers/
Salesforce,salesforce.com,https://careers.salesforce.com/en/
Meetup,meetup.com,https://www.meetup.com/careers/
Radicas Software,radicasoftware.com,https://radicasoftware.com/career
Nexcess,nexcess.net,https://www.nexcess.net/about/careers/
Cisco,cisco.com,https://jobs.cisco.com/
OneTrust,onetrust.com,https://www.onetrust.com/careers/
Evernote,evernote.com,https://www.indeed.com/cmp/Evernote
Devolutions,devolutions.net,https://devolutions.net/company/positions/
Smartsheet,smartsheet.com,https://www.smartsheet.com/careers
CDC,cdc.gov,https://jobs.cdc.gov/index.html
Yoast,yoast.com,https://yoast.com/jobs/
Intuit,intuit.com,https://www.intuit.com/careers/
Neil Patel,neilpatel.com,https://npdigital.com/careers/
Spot.io,spot.io,https://spot.io/careers/
Soho,zoho.com,https://us-careers.zohorecruit.com/jobs/Careers
GitLab,gitlab.com,https://about.gitlab.com/jobs/
PayPal,paypal.com,https://careers.pypl.com/home/
Splunk,splunk.com,https://www.splunk.com/en_us/careers.html
Green Geeks,greengeeks.com,https://careers.greengeeks.com/
Buffer,buffer.com,https://buffer.com/journey
Liquid Web,liquidweb.com,https://www.liquidweb.com/careers/
Constant Contact,constantcontact.com,https://www.constantcontact.com/careers
F5,f5.com,https://www.f5.com/company/careers
Issuu,issuu.com,https://issuu.com/careers
Openstack,openstack.org,https://www.openstack.org/community/jobs/
Snowflake,tosnowflake.com,https://careers.snowflake.com/us/en
Cloudinary,cloudinary.com,https://cloudinary.com/careers
Blubrry,blubrry.com,https://careers.blubrry.com/
RingCentral,ringcentral.com,https://www.ringcentral.com/company/careers/overview.html
Calendly,calendly.com,https://careers.calendly.com/
Docker,docker.com,https://www.docker.com/careers/
Aggregage,aggregage.com,https://www.aggregage.com/jobs/
Atlassian,atlassian.com,https://www.atlassian.com/company/careers
Hewlett Packard Enterprise,hpe.com,https://careers.hpe.com/us/en
Asana,asana.com,https://asana.com/jobs/all
Elegant Themes,elegantthemes.com,https://www.elegantthemes.com/careers/
Statista,statista.com,https://www.statista.com/career/
Bloomberg,bloomberg.com,https://careers.bloomberg.com/job/search/
GTmetrix,gtmetrix.com,https://gtmetrix.com/careers.html
SHRM,shrm.org,https://www.shrm.org/about/careers-at-shrm
Skype,skype.com,https://careers.microsoft.com/v2/global/en/home.html
Behance,behance.net,https://www.behance.net/careers
Blender,blender.org,https://www.blender.org/jobs/
Zapier,zapier.com,https://zapier.com/jobs
Gartner,gartner.com,https://jobs.gartner.com/
Stat Counter,statcounter.com,https://statcounter.com/careers/
OVH Cloud,ovhcloud.com,https://us.ovhcloud.com/about/careers/
BiggerPockets,biggerpockets.com,https://www.biggerpockets.com/careers
1Password,1password.com,https://1password.com/careers
Campaign Monitor,campaignmonitor.com,https://www.campaignmonitor.com/company/careers/
Workday,workday.com,https://www.workday.com/en-us/company/careers/overview.html
Twitch,twitch.tv,https://www.twitch.tv/jobs/en/
2Checkout,2checkout.com,https://www.2checkout.com/careers/
Ivoox,ivoox.com,https://www.ivoox.com/en/careers
BigCommerce,bigcommerce.com,https://careers.bigcommerce.com/
WooCommerce,woocommerce.com,https://woocommerce.com/careers/
Pythian,pythian.com,https://www.pythian.com/careers
Close.com,close.com,https://www.close.com/careers
Synopsys,synopsys.com,https://www.synopsys.com/careers.html
Hopin,hopin.com,https://mp.hopin.com/careers
Siemens,siemens.com,https://jobs.siemens.com/careers
Squarespace,squarespace.com,https://www.squarespace.com/about/careers
Quora,quora.com,https://www.careers.quora.com/?share=1
Feedly,feedly.com,https://feedly.com/homepage
Autodesk,autodesk.com,https://www.autodesk.com/careers/overview
Twilio,twilio.com,https://www.twilio.com/en-us/company/jobs
Adroll,adroll.com,https://www.nextroll.com/careers
SurveyMonkey,surveymonkey.com,https://www.surveymonkey.com/careers/
Iubenda,iubenda.com,https://careers.iubenda.com/
Notion,notion.so,https://boards.greenhouse.io/notion
NGINX,nginx.com,https://www.nginx.com/careers/
Eventbrite,eventbrite.com,https://www.eventbritecareers.com/home
On24,on24.com,https://www.on24.com/about-us/careers/
Box,box.com,https://careers.box.com/en/us-home/
Talend,talend.com,https://www.talend.com/about-us/careers/
Sprout Social,sproutsocial.com,https://sproutsocial.com/careers/
MongoDB,mongodb.com,https://www.mongodb.com/company/careers
Couchbase,couchbase.com,https://www.couchbase.com/careers/
CVENT,cvent.com,https://careers.cvent.com/
Yelp,yelp.com,https://www.yelp.careers/us/en
HashiCorp,hashicorp.com,https://www.hashicorp.com/careers
Figma,figma.com,https://www.figma.com/careers/
Hotjar,hotjar.com,https://www.hotjar.com/careers/
Wordstream,wordstream.com,https://www.woodstream.com/careers
Heroku,heroku.com,https://www.heroku.com/careers
Write,wrike.com,https://www.wrike.com/jobs/
LastPass,lastpass.com,https://www.lastpass.com/company/careers
Stripe,stripe.com,https://stripe.com/jobs
Kickstarter,kickstarter.com,https://jobs.kickstarter.com/
Time Doctor,timedoctor.com,https://www.timedoctor.com/jobs
Tableau,tableau.com,https://www.tableau.com/about/careers
Intercom,intercom.com,https://www.intercom.com/careers
Marketo,marketo.com,https://careerconnect.marketo.com/
Orange,orange.com,https://orange.jobs/site/en-home/
Optimizely,optimizely.com,https://careers.optimizely.com/
Elastic,elastic.co,https://www.elastic.co/careers
Grammarly,grammarly.com,https://www.grammarly.com/jobs
Progress,progress.com,https://www.progress.com/company/careers
Snapchat,snapchat.com,https://careers.snap.com/
Lever,lever.co,https://www.lever.co/open-positions/?filtered=1
Veeam,veeam.com,https://careers.veeam.com/
Trend Micro,trendmicro.com,https://www.trendmicro.com/en_us/about/careers.html
Snowflake,snowflake.com,https://careers.snowflake.com/us/en
Infoblox,infoblox.com,https://www.infoblox.com/company/careers/
Monday.com,monday.com,https://monday.com/careers
Airtable,airtable.com,https://airtable.com/careers
Netlify,netlify.com,https://www.netlify.com/careers/